target,anchor
Adam Driver,tree
Adriana Lima,tree
Amber Heard,tree
Amy Adams,tree
Andrew Garfield,tree
Angelina Jolie,tree
Anjelica Huston,tree
Anna Faris,tree
Anna Kendrick,tree
Anne Hathaway,tree
Arnold Schwarzenegger,tree
Barack Obama,tree
Beth Behrs,tree
Bill Clinton,tree
Bob Dylan,tree
Bob Marley,tree
Bradley Cooper,tree
Bruce Willis,tree
Bryan Cranston,tree
Cameron Diaz,tree
Channing Tatum,tree
Charlie Sheen,tree
Charlize Theron,tree
Chris Evans,tree
Chris Hemsworth,tree
Chris Pine,tree
Chuck Norris,tree
Courteney Cox,tree
Demi Lovato,tree
Drake,tree
Drew Barrymore,tree
Dwayne Johnson,tree
Ed Sheeran,tree
Elon Musk,tree
Elvis Presley,tree
Emma Stone,tree
Frida Kahlo,tree
George Clooney,tree
Glenn Close,tree
Gwyneth Paltrow,tree
Harrison Ford,tree
Hillary Clinton,tree
Hugh Jackman,tree
Idris Elba,tree
Jake Gyllenhaal,tree
James Franco,tree
Jared Leto,tree
Jason Momoa,tree
Jennifer Aniston,tree
Jennifer Lawrence,tree
Jennifer Lopez,tree
Jeremy Renner,tree
Jessica Biel,tree
Jessica Chastain,tree
John Oliver,tree
John Wayne,tree
Johnny Depp,tree
Julianne Hough,tree
Justin Timberlake,tree
Kate Bosworth,tree
Kate Winslet,tree
Leonardo Dicaprio,tree
Margot Robbie,tree
Mariah Carey,tree
Melania Trump,tree
Meryl Streep,tree
Mick Jagger,tree
Mila Kunis,tree
Milla Jovovich,tree
Morgan Freeman,tree
Nick Jonas,tree
Nicolas Cage,tree
Nicole Kidman,tree
Octavia Spencer,tree
Olivia Wilde,tree
Oprah Winfrey,tree
Paul Mccartney,tree
Paul Walker,tree
Peter Dinklage,tree
Philip Seymour Hoffman,tree
Reese Witherspoon,tree
Richard Gere,tree
Ricky Gervais,tree
Rihanna,tree
Robin Williams,tree
Ronald Reagan,tree
Ryan Gosling,tree
Ryan Reynolds,tree
Shia Labeouf,tree
Shirley Temple,tree
Spike Lee,tree
Stan Lee,tree
Theresa May,tree
Tom Cruise,tree
Tom Hanks,tree
Tom Hardy,tree
Tom Hiddleston,tree
Whoopi Goldberg,tree
Zac Efron,tree
Zayn Malik,tree
